<?xml version="1.0" encoding="UTF-8" standalone="yes"?>
<addon id="tvsupertuga.repository" name="[COLOR cyan]TV[/COLOR][COLOR red]supertuga[/COLOR].[COLOR limegreen]Repository[/COLOR]" version="0.1.0" provider-name="TVsupertuga">
    <extension point="xbmc.addon.repository" name="TVsupertuga Repository">
            <info compressed="false">http://repository.tvsupertuga.org/addons.xml</info>
            <checksum>http://repository.tvsupertuga.org/addons.xml.md5</checksum>
            <datadir zip="true">http://repository.tvsupertuga.org/instal/</datadir>
    </extension>
    <extension point="xbmc.addon.metadata">
		<summary lang="pt">TVsupertuga </summary>
		<description lang="pt">rdftgyhu</description>
		<forum>http://forumtvsupertuga.xyz</forum>
		<website>https://www.facebook.com/TVsupertuga.PT/</website>		
        <platform>all</platform>
    </extension>
</addon>