<?xml version="1.0" encoding="UTF-8" standalone="yes"?>
<addon id="plugin.video.f4mTester" 
	     name="F4mProxy [COLOR dodgerblue][B](IGOR LISTA)[/B][/COLOR]" 
	     version="2.7.12" 
	     provider-name="Shani">
  <requires>
    <import addon="xbmc.python" version="2.1.0" />
    <import addon="script.module.requests" />
  </requires>
  <extension point="xbmc.python.module" library="lib" />
    <extension point="xbmc.python.pluginsource" library="addon.py">
		<provides>executable</provides>
  </extension>


    
  <extension point="xbmc.addon.metadata">
    <platform>all</platform>
    <summary lang="en">Proxy for f4m</summary>
    <description lang="en">Use this addon to play F4m v1 and v2 streams</description>
  </extension>
</addon>
